{
  "system": "no-evolution",
  "model": "sonnet",
  "sessions": 9,
  "avg_task_completion": 0.6666666666666666,
  "avg_tool_quality": 0.0,
  "avg_reuse_rate": 0.48148148148148145,
  "avg_library_health": 0.4135802469135803,
  "avg_evolvetool_score": 0.5184175084175084,
  "total_tools": 0,
  "tool_details": []
}