{
  "system": "no-evolution",
  "model": "sonnet",
  "sessions": 9,
  "avg_task_completion": 0.5555555555555556,
  "avg_tool_quality": 0.0,
  "avg_reuse_rate": 0.4074074074074074,
  "avg_library_health": 0.345679012345679,
  "avg_evolvetool_score": 0.4704713804713805,
  "total_tools": 0,
  "tool_details": []
}