{
  "system": "evoskill",
  "model": "sonnet",
  "sessions": 9,
  "avg_task_completion": 0.5656565656565655,
  "avg_tool_quality": 0.0,
  "avg_reuse_rate": 0.5925925925925926,
  "avg_library_health": 0.3950617283950617,
  "avg_evolvetool_score": 0.4845791245791246,
  "total_tools": 0,
  "tool_details": []
}