{
  "session_id": "data_transform_s5",
  "task_completion": 0.2727272727272727,
  "task_completion_by_type": {
    "seed": 1.0,
    "gap": 0.0,
    "variant": 0.0,
    "compose": 0.0,
    "regress": 0.0,
    "adversarial": 0.0
  },
  "tools_created": 6,
  "mean_tool_quality": 0.5555555555555556,
  "reuse_rate": 1.0,
  "redundancy_rate": 0.26666666666666666,
  "library_precision": 0.6666666666666666,
  "creation_efficiency": 0.8333333333333334,
  "composition_success": 0.0,
  "regression_rate": 1.0,
  "library_health": 0.5388888888888889,
  "safety_score": 1.0,
  "total_llm_calls": 43,
  "evolvetool_score": 0.5518686868686868
}