{
  "session_id": "data_transform_s5",
  "task_completion": 0.2727272727272727,
  "task_completion_by_type": {
    "seed": 1.0,
    "gap": 0.0,
    "variant": 0.0,
    "compose": 0.0,
    "regress": 0.0,
    "adversarial": 0.0
  },
  "tools_created": 7,
  "mean_tool_quality": 0.3928571428571429,
  "reuse_rate": 1.0,
  "redundancy_rate": 1.0,
  "library_precision": 0.14285714285714285,
  "creation_efficiency": 0.7142857142857143,
  "composition_success": 0.0,
  "regression_rate": 1.0,
  "library_health": 0.30952380952380953,
  "safety_score": 1.0,
  "total_llm_calls": 45,
  "evolvetool_score": 0.4487012987012987
}