{
  "session_id": "api_orchestration_s1",
  "task_completion": 0.9090909090909091,
  "task_completion_by_type": {
    "seed": 1.0,
    "gap": 1.0,
    "variant": 0.5,
    "compose": 1.0,
    "regress": 1.0,
    "adversarial": 1.0
  },
  "tools_created": 3,
  "mean_tool_quality": 0.4444444444444445,
  "reuse_rate": 0.6666666666666666,
  "redundancy_rate": 0.3333333333333333,
  "library_precision": 0.3333333333333333,
  "creation_efficiency": 1.0,
  "composition_success": 1.0,
  "regression_rate": 0.0,
  "library_health": 0.7777777777777778,
  "safety_score": 1.0,
  "total_llm_calls": 41,
  "evolvetool_score": 0.7622222222222222
}